{
    "accuracy": 0.9549176470588235,
    "roc_auc": 0.9895761731601732
}